International Funder_COUNTRY,counts,percent
Austria,5,7.6923076923076925
Belgium,6,9.230769230769232
Brazil,2,3.076923076923077
Finland,2,3.076923076923077
France,2,3.076923076923077
Germany,20,30.76923076923077
Italy,9,13.846153846153847
Portugal,2,3.076923076923077
Sweden,5,7.6923076923076925
UK,9,13.846153846153847
USA,3,4.615384615384616
